Babae,18-24,Hindi nakapagtapos ng Elementarya,Walang Trabaho,1,0,0,0,0,0,0,0,0,0,Literacy,Basic Training/Seminar Program
Babae,18-24,Hindi nakapagtapos ng Elementarya,Walang Trabaho,0,1,0,0,0,0,0,0,0,0,Socio-economic,Livelihood Program
Babae,18-24,Hindi nakapagtapos ng Elementarya,Walang Trabaho,0,0,1,0,0,0,0,0,0,0,Environmental Stewardship,Seminar & Tree Planting Activities
Babae,18-24,Hindi nakapagtapos ng Elementarya,Walang Trabaho,0,0,0,1,0,0,0,0,0,0,Health and Wellness,Medical and Dental Mission
Babae,18-24,Hindi nakapagtapos ng Elementarya,Walang Trabaho,0,0,0,0,1,0,0,0,0,0,Health and Wellness,Medical and Dental Mission
Babae,18-24,Hindi nakapagtapos ng Elementarya,Walang Trabaho,0,0,0,0,0,1,0,0,0,0,Cultural Enhancement,Culture and Arts
Babae,18-24,Hindi nakapagtapos ng Elementarya,Walang Trabaho,0,0,0,0,0,0,1,0,0,0,Values Formation,Personality Development
Babae,18-24,Hindi nakapagtapos ng Elementarya,Walang Trabaho,0,0,0,0,0,0,0,1,0,0,Socio-economic,Food assistance
Babae,18-24,Hindi nakapagtapos ng Elementarya,Walang Trabaho,0,0,0,0,0,0,0,0,1,0,Environmental Stewardship,Environmental Conservation and Sustainability
Babae,18-24,Hindi nakapagtapos ng Elementarya,Walang Trabaho,0,0,0,0,0,0,0,0,0,1,Literacy,ICT Literacy Program
Babae,18-24,Hindi nakapagtapos ng Elementarya,Walang Trabaho,1,0,1,0,0,0,0,0,1,0,Disaster Management,Disaster Management and First-Aid Training
Babae,18-24,Hindi nakapagtapos ng Elementarya,Walang Trabaho,0,0,1,0,0,0,0,0,1,0,Environmental Stewardship,Environmental Conservation and Sustainability
Babae,18-24,Hindi nakapagtapos ng Elementarya,Walang Trabaho,0,0,0,0,0,1,1,0,0,0,Gender Development,Gender and Development Seminar
Babae,18-24,Hindi nakapagtapos ng Elementarya,Walang Trabaho,0,1,0,0,0,0,0,0,0,1,Literacy,Basic Training/Seminar Program
Babae,18-24,Hindi nakapagtapos ng Elementarya,Walang Trabaho,0,0,0,0,0,0,0,0,0,0,Socio-economic,Livelihood Program
Babae,18-24,Hindi nakapagtapos ng Elementarya,May Trabaho,1,0,0,0,0,0,0,0,0,0,Literacy,Financial Literacy
Babae,18-24,Hindi nakapagtapos ng Elementarya,May Trabaho,0,1,0,0,0,0,0,0,0,0,Socio-economic,Training/seminar Program
Babae,18-24,Hindi nakapagtapos ng Elementarya,May Trabaho,0,0,1,0,0,0,0,0,0,0,Environmental Stewardship,Seminar & Tree Planting Activities
Babae,18-24,Hindi nakapagtapos ng Elementarya,May Trabaho,0,0,0,1,0,0,0,0,0,0,Health and Wellness,Bloodletting Activity
Babae,18-24,Hindi nakapagtapos ng Elementarya,May Trabaho,0,0,0,0,1,0,0,0,0,0,Health and Wellness,Medical and Dental Mission
Babae,18-24,Hindi nakapagtapos ng Elementarya,May Trabaho,0,0,0,0,0,1,0,0,0,0,Cultural Enhancement,Culture and Arts
Babae,18-24,Hindi nakapagtapos ng Elementarya,May Trabaho,0,0,0,0,0,0,1,0,0,0,Values Formation,Spiritual Wellness
Babae,18-24,Hindi nakapagtapos ng Elementarya,May Trabaho,0,0,0,0,0,0,0,1,0,0,Socio-economic,Feeding Program
Babae,18-24,Hindi nakapagtapos ng Elementarya,May Trabaho,0,0,0,0,0,0,0,0,1,0,Environmental Stewardship,Environmental Conservation and Sustainability
Babae,18-24,Hindi nakapagtapos ng Elementarya,May Trabaho,0,0,0,0,0,0,0,0,0,1,Literacy,ICT Literacy Program
Babae,18-24,Hindi nakapagtapos ng Elementarya,May Trabaho,1,0,1,0,0,0,0,0,1,0,Disaster Management,Disaster Management and First-Aid Training
Babae,18-24,Hindi nakapagtapos ng Elementarya,May Trabaho,0,0,1,0,0,0,0,0,1,0,Environmental Stewardship,Environmental Conservation and Sustainability
Babae,18-24,Hindi nakapagtapos ng Elementarya,May Trabaho,0,0,0,0,0,1,1,0,0,0,Gender Development,Gender and Development Seminar
Babae,18-24,Hindi nakapagtapos ng Elementarya,May Trabaho,0,1,0,0,0,0,0,0,0,1,Literacy,ICT Literacy Program
Babae,18-24,Hindi nakapagtapos ng Elementarya,May Trabaho,0,0,0,0,0,0,0,0,0,0,Socio-economic,Training/seminar Program
Babae,18-24,Elementarya,Walang Trabaho,1,0,0,0,0,0,0,0,0,0,Literacy,Basic Training/Seminar Program
Babae,18-24,Elementarya,Walang Trabaho,0,1,0,0,0,0,0,0,0,0,Socio-economic,Livelihood Program
Babae,18-24,Elementarya,Walang Trabaho,0,0,1,0,0,0,0,0,0,0,Environmental Stewardship,Seminar & Tree Planting Activities
Babae,18-24,Elementarya,Walang Trabaho,0,0,0,1,0,0,0,0,0,0,Health and Wellness,Medical and Dental Mission
Babae,18-24,Elementarya,Walang Trabaho,0,0,0,0,1,0,0,0,0,0,Health and Wellness,Medical and Dental Mission
Babae,18-24,Elementarya,Walang Trabaho,0,0,0,0,0,1,0,0,0,0,Cultural Enhancement,Culture and Arts
Babae,18-24,Elementarya,Walang Trabaho,0,0,0,0,0,0,1,0,0,0,Values Formation,Personality Development
Babae,18-24,Elementarya,Walang Trabaho,0,0,0,0,0,0,0,1,0,0,Socio-economic,Food assistance
Babae,18-24,Elementarya,Walang Trabaho,0,0,0,0,0,0,0,0,1,0,Environmental Stewardship,Environmental Conservation and Sustainability
Babae,18-24,Elementarya,Walang Trabaho,0,0,0,0,0,0,0,0,0,1,Literacy,ICT Literacy Program
Babae,18-24,Elementarya,Walang Trabaho,1,0,1,0,0,0,0,0,1,0,Disaster Management,Disaster Management and First-Aid Training
Babae,18-24,Elementarya,Walang Trabaho,0,0,1,0,0,0,0,0,1,0,Environmental Stewardship,Environmental Conservation and Sustainability
Babae,18-24,Elementarya,Walang Trabaho,0,0,0,0,0,1,1,0,0,0,Gender Development,Gender and Development Seminar
Babae,18-24,Elementarya,Walang Trabaho,0,1,0,0,0,0,0,0,0,1,Literacy,Basic Training/Seminar Program
Babae,18-24,Elementarya,Walang Trabaho,0,0,0,0,0,0,0,0,0,0,Socio-economic,Livelihood Program
Babae,18-24,Elementarya,May Trabaho,1,0,0,0,0,0,0,0,0,0,Literacy,Financial Literacy
Babae,18-24,Elementarya,May Trabaho,0,1,0,0,0,0,0,0,0,0,Socio-economic,Training/seminar Program
Babae,18-24,Elementarya,May Trabaho,0,0,1,0,0,0,0,0,0,0,Environmental Stewardship,Seminar & Tree Planting Activities
Babae,18-24,Elementarya,May Trabaho,0,0,0,1,0,0,0,0,0,0,Health and Wellness,Bloodletting Activity
Babae,18-24,Elementarya,May Trabaho,0,0,0,0,1,0,0,0,0,0,Health and Wellness,Medical and Dental Mission
Babae,18-24,Elementarya,May Trabaho,0,0,0,0,0,1,0,0,0,0,Cultural Enhancement,Culture and Arts
Babae,18-24,Elementarya,May Trabaho,0,0,0,0,0,0,1,0,0,0,Values Formation,Spiritual Wellness
Babae,18-24,Elementarya,May Trabaho,0,0,0,0,0,0,0,1,0,0,Socio-economic,Feeding Program
Babae,18-24,Elementarya,May Trabaho,0,0,0,0,0,0,0,0,1,0,Environmental Stewardship,Environmental Conservation and Sustainability
Babae,18-24,Elementarya,May Trabaho,0,0,0,0,0,0,0,0,0,1,Literacy,ICT Literacy Program
Babae,18-24,Elementarya,May Trabaho,1,0,1,0,0,0,0,0,1,0,Disaster Management,Disaster Management and First-Aid Training
Babae,18-24,Elementarya,May Trabaho,0,0,1,0,0,0,0,0,1,0,Environmental Stewardship,Environmental Conservation and Sustainability
Babae,18-24,Elementarya,May Trabaho,0,0,0,0,0,1,1,0,0,0,Gender Development,Gender and Development Seminar
Babae,18-24,Elementarya,May Trabaho,0,1,0,0,0,0,0,0,0,1,Literacy,ICT Literacy Program
Babae,18-24,Elementarya,May Trabaho,0,0,0,0,0,0,0,0,0,0,Socio-economic,Training/seminar Program
Babae,18-24,Hindi nakapagtapos ng Sekundarya,Walang Trabaho,1,0,0,0,0,0,0,0,0,0,Literacy,Basic Training/Seminar Program
Babae,18-24,Hindi nakapagtapos ng Sekundarya,Walang Trabaho,0,1,0,0,0,0,0,0,0,0,Socio-economic,Livelihood Program
Babae,18-24,Hindi nakapagtapos ng Sekundarya,Walang Trabaho,0,0,1,0,0,0,0,0,0,0,Environmental Stewardship,Seminar & Tree Planting Activities
Babae,18-24,Hindi nakapagtapos ng Sekundarya,Walang Trabaho,0,0,0,1,0,0,0,0,0,0,Health and Wellness,Medical and Dental Mission
Babae,18-24,Hindi nakapagtapos ng Sekundarya,Walang Trabaho,0,0,0,0,1,0,0,0,0,0,Health and Wellness,Medical and Dental Mission
Babae,18-24,Hindi nakapagtapos ng Sekundarya,Walang Trabaho,0,0,0,0,0,1,0,0,0,0,Cultural Enhancement,Culture and Arts
Babae,18-24,Hindi nakapagtapos ng Sekundarya,Walang Trabaho,0,0,0,0,0,0,1,0,0,0,Values Formation,Personality Development
Babae,18-24,Hindi nakapagtapos ng Sekundarya,Walang Trabaho,0,0,0,0,0,0,0,1,0,0,Socio-economic,Food assistance
Babae,18-24,Hindi nakapagtapos ng Sekundarya,Walang Trabaho,0,0,0,0,0,0,0,0,1,0,Environmental Stewardship,Environmental Conservation and Sustainability
Babae,18-24,Hindi nakapagtapos ng Sekundarya,Walang Trabaho,0,0,0,0,0,0,0,0,0,1,Literacy,ICT Literacy Program
Babae,18-24,Hindi nakapagtapos ng Sekundarya,Walang Trabaho,1,0,1,0,0,0,0,0,1,0,Disaster Management,Disaster Management and First-Aid Training
Babae,18-24,Hindi nakapagtapos ng Sekundarya,Walang Trabaho,0,0,1,0,0,0,0,0,1,0,Environmental Stewardship,Environmental Conservation and Sustainability
Babae,18-24,Hindi nakapagtapos ng Sekundarya,Walang Trabaho,0,0,0,0,0,1,1,0,0,0,Gender Development,Gender and Development Seminar
Babae,18-24,Hindi nakapagtapos ng Sekundarya,Walang Trabaho,0,1,0,0,0,0,0,0,0,1,Literacy,Basic Training/Seminar Program
Babae,18-24,Hindi nakapagtapos ng Sekundarya,Walang Trabaho,0,0,0,0,0,0,0,0,0,0,Socio-economic,Livelihood Program
Babae,18-24,Hindi nakapagtapos ng Sekundarya,May Trabaho,1,0,0,0,0,0,0,0,0,0,Literacy,Financial Literacy
Babae,18-24,Hindi nakapagtapos ng Sekundarya,May Trabaho,0,1,0,0,0,0,0,0,0,0,Socio-economic,Training/seminar Program
Babae,18-24,Hindi nakapagtapos ng Sekundarya,May Trabaho,0,0,1,0,0,0,0,0,0,0,Environmental Stewardship,Seminar & Tree Planting Activities
Babae,18-24,Hindi nakapagtapos ng Sekundarya,May Trabaho,0,0,0,1,0,0,0,0,0,0,Health and Wellness,Bloodletting Activity
Babae,18-24,Hindi nakapagtapos ng Sekundarya,May Trabaho,0,0,0,0,1,0,0,0,0,0,Health and Wellness,Medical and Dental Mission
Babae,18-24,Hindi nakapagtapos ng Sekundarya,May Trabaho,0,0,0,0,0,1,0,0,0,0,Cultural Enhancement,Culture and Arts
Babae,18-24,Hindi nakapagtapos ng Sekundarya,May Trabaho,0,0,0,0,0,0,1,0,0,0,Values Formation,Spiritual Wellness
Babae,18-24,Hindi nakapagtapos ng Sekundarya,May Trabaho,0,0,0,0,0,0,0,1,0,0,Socio-economic,Feeding Program
Babae,18-24,Hindi nakapagtapos ng Sekundarya,May Trabaho,0,0,0,0,0,0,0,0,1,0,Environmental Stewardship,Environmental Conservation and Sustainability
Babae,18-24,Hindi nakapagtapos ng Sekundarya,May Trabaho,0,0,0,0,0,0,0,0,0,1,Literacy,ICT Literacy Program
Babae,18-24,Hindi nakapagtapos ng Sekundarya,May Trabaho,1,0,1,0,0,0,0,0,1,0,Disaster Management,Disaster Management and First-Aid Training
Babae,18-24,Hindi nakapagtapos ng Sekundarya,May Trabaho,0,0,1,0,0,0,0,0,1,0,Environmental Stewardship,Environmental Conservation and Sustainability
Babae,18-24,Hindi nakapagtapos ng Sekundarya,May Trabaho,0,0,0,0,0,1,1,0,0,0,Gender Development,Gender and Development Seminar
Babae,18-24,Hindi nakapagtapos ng Sekundarya,May Trabaho,0,1,0,0,0,0,0,0,0,1,Literacy,ICT Literacy Program
Babae,18-24,Hindi nakapagtapos ng Sekundarya,May Trabaho,0,0,0,0,0,0,0,0,0,0,Socio-economic,Training/seminar Program
Babae,18-24,Sekundarya,Walang Trabaho,1,0,0,0,0,0,0,0,0,0,Literacy,Basic Training/Seminar Program
Babae,18-24,Sekundarya,Walang Trabaho,0,1,0,0,0,0,0,0,0,0,Socio-economic,Livelihood Program
Babae,18-24,Sekundarya,Walang Trabaho,0,0,1,0,0,0,0,0,0,0,Environmental Stewardship,Seminar & Tree Planting Activities
Babae,18-24,Sekundarya,Walang Trabaho,0,0,0,1,0,0,0,0,0,0,Health and Wellness,Medical and Dental Mission
Babae,18-24,Sekundarya,Walang Trabaho,0,0,0,0,1,0,0,0,0,0,Health and Wellness,Medical and Dental Mission
Babae,18-24,Sekundarya,Walang Trabaho,0,0,0,0,0,1,0,0,0,0,Cultural Enhancement,Culture and Arts
Babae,18-24,Sekundarya,Walang Trabaho,0,0,0,0,0,0,1,0,0,0,Values Formation,Personality Development
Babae,18-24,Sekundarya,Walang Trabaho,0,0,0,0,0,0,0,1,0,0,Socio-economic,Food assistance
Babae,18-24,Sekundarya,Walang Trabaho,0,0,0,0,0,0,0,0,1,0,Environmental Stewardship,Environmental Conservation and Sustainability
Babae,18-24,Sekundarya,Walang Trabaho,0,0,0,0,0,0,0,0,0,1,Literacy,ICT Literacy Program
Babae,18-24,Sekundarya,Walang Trabaho,1,0,1,0,0,0,0,0,1,0,Disaster Management,Disaster Management and First-Aid Training
Babae,18-24,Sekundarya,Walang Trabaho,0,0,1,0,0,0,0,0,1,0,Environmental Stewardship,Environmental Conservation and Sustainability
Babae,18-24,Sekundarya,Walang Trabaho,0,0,0,0,0,1,1,0,0,0,Gender Development,Gender and Development Seminar
Babae,18-24,Sekundarya,Walang Trabaho,0,1,0,0,0,0,0,0,0,1,Literacy,Basic Training/Seminar Program
Babae,18-24,Sekundarya,Walang Trabaho,0,0,0,0,0,0,0,0,0,0,Socio-economic,Livelihood Program
Babae,18-24,Sekundarya,May Trabaho,1,0,0,0,0,0,0,0,0,0,Literacy,Financial Literacy
Babae,18-24,Sekundarya,May Trabaho,0,1,0,0,0,0,0,0,0,0,Socio-economic,Training/seminar Program
Babae,18-24,Sekundarya,May Trabaho,0,0,1,0,0,0,0,0,0,0,Environmental Stewardship,Seminar & Tree Planting Activities
Babae,18-24,Sekundarya,May Trabaho,0,0,0,1,0,0,0,0,0,0,Health and Wellness,Bloodletting Activity
Babae,18-24,Sekundarya,May Trabaho,0,0,0,0,1,0,0,0,0,0,Health and Wellness,Medical and Dental Mission
Babae,18-24,Sekundarya,May Trabaho,0,0,0,0,0,1,0,0,0,0,Cultural Enhancement,Culture and Arts
Babae,18-24,Sekundarya,May Trabaho,0,0,0,0,0,0,1,0,0,0,Values Formation,Spiritual Wellness
Babae,18-24,Sekundarya,May Trabaho,0,0,0,0,0,0,0,1,0,0,Socio-economic,Feeding Program
Babae,18-24,Sekundarya,May Trabaho,0,0,0,0,0,0,0,0,1,0,Environmental Stewardship,Environmental Conservation and Sustainability
Babae,18-24,Sekundarya,May Trabaho,0,0,0,0,0,0,0,0,0,1,Literacy,ICT Literacy Program
Babae,18-24,Sekundarya,May Trabaho,1,0,1,0,0,0,0,0,1,0,Disaster Management,Disaster Management and First-Aid Training
Babae,18-24,Sekundarya,May Trabaho,0,0,1,0,0,0,0,0,1,0,Environmental Stewardship,Environmental Conservation and Sustainability
Babae,18-24,Sekundarya,May Trabaho,0,0,0,0,0,1,1,0,0,0,Gender Development,Gender and Development Seminar
Babae,18-24,Sekundarya,May Trabaho,0,1,0,0,0,0,0,0,0,1,Literacy,ICT Literacy Program
Babae,18-24,Sekundarya,May Trabaho,0,0,0,0,0,0,0,0,0,0,Socio-economic,Training/seminar Program
Babae,18-24,Kolehiyo,Walang Trabaho,1,0,0,0,0,0,0,0,0,0,Literacy,Basic Training/Seminar Program
Babae,18-24,Kolehiyo,Walang Trabaho,0,1,0,0,0,0,0,0,0,0,Socio-economic,Livelihood Program
Babae,18-24,Kolehiyo,Walang Trabaho,0,0,1,0,0,0,0,0,0,0,Environmental Stewardship,Seminar & Tree Planting Activities
Babae,18-24,Kolehiyo,Walang Trabaho,0,0,0,1,0,0,0,0,0,0,Health and Wellness,Medical and Dental Mission
Babae,18-24,Kolehiyo,Walang Trabaho,0,0,0,0,1,0,0,0,0,0,Health and Wellness,Medical and Dental Mission
Babae,18-24,Kolehiyo,Walang Trabaho,0,0,0,0,0,1,0,0,0,0,Cultural Enhancement,Culture and Arts
Babae,18-24,Kolehiyo,Walang Trabaho,0,0,0,0,0,0,1,0,0,0,Values Formation,Personality Development
Babae,18-24,Kolehiyo,Walang Trabaho,0,0,0,0,0,0,0,1,0,0,Socio-economic,Food assistance
Babae,18-24,Kolehiyo,Walang Trabaho,0,0,0,0,0,0,0,0,1,0,Environmental Stewardship,Environmental Conservation and Sustainability
Babae,18-24,Kolehiyo,Walang Trabaho,0,0,0,0,0,0,0,0,0,1,Literacy,ICT Literacy Program
Babae,18-24,Kolehiyo,Walang Trabaho,1,0,1,0,0,0,0,0,1,0,Disaster Management,Disaster Management and First-Aid Training
Babae,18-24,Kolehiyo,Walang Trabaho,0,0,1,0,0,0,0,0,1,0,Environmental Stewardship,Environmental Conservation and Sustainability
Babae,18-24,Kolehiyo,Walang Trabaho,0,0,0,0,0,1,1,0,0,0,Gender Development,Gender and Development Seminar
Babae,18-24,Kolehiyo,Walang Trabaho,0,1,0,0,0,0,0,0,0,1,Literacy,Basic Training/Seminar Program
Babae,18-24,Kolehiyo,Walang Trabaho,0,0,0,0,0,0,0,0,0,0,Socio-economic,Livelihood Program
Babae,18-24,Kolehiyo,May Trabaho,1,0,0,0,0,0,0,0,0,0,Literacy,Financial Literacy
Babae,18-24,Kolehiyo,May Trabaho,0,1,0,0,0,0,0,0,0,0,Socio-economic,Training/seminar Program
Babae,18-24,Kolehiyo,May Trabaho,0,0,1,0,0,0,0,0,0,0,Environmental Stewardship,Seminar & Tree Planting Activities
Babae,18-24,Kolehiyo,May Trabaho,0,0,0,1,0,0,0,0,0,0,Health and Wellness,Bloodletting Activity
Babae,18-24,Kolehiyo,May Trabaho,0,0,0,0,1,0,0,0,0,0,Health and Wellness,Medical and Dental Mission
Babae,18-24,Kolehiyo,May Trabaho,0,0,0,0,0,1,0,0,0,0,Cultural Enhancement,Culture and Arts
Babae,18-24,Kolehiyo,May Trabaho,0,0,0,0,0,0,1,0,0,0,Values Formation,Spiritual Wellness
Babae,18-24,Kolehiyo,May Trabaho,0,0,0,0,0,0,0,1,0,0,Socio-economic,Feeding Program
Babae,18-24,Kolehiyo,May Trabaho,0,0,0,0,0,0,0,0,1,0,Environmental Stewardship,Environmental Conservation and Sustainability
Babae,18-24,Kolehiyo,May Trabaho,0,0,0,0,0,0,0,0,0,1,Literacy,ICT Literacy Program
Babae,18-24,Kolehiyo,May Trabaho,1,0,1,0,0,0,0,0,1,0,Disaster Management,Disaster Management and First-Aid Training
Babae,18-24,Kolehiyo,May Trabaho,0,0,1,0,0,0,0,0,1,0,Environmental Stewardship,Environmental Conservation and Sustainability
Babae,18-24,Kolehiyo,May Trabaho,0,0,0,0,0,1,1,0,0,0,Gender Development,Gender and Development Seminar
Babae,18-24,Kolehiyo,May Trabaho,0,1,0,0,0,0,0,0,0,1,Literacy,ICT Literacy Program
Babae,18-24,Kolehiyo,May Trabaho,0,0,0,0,0,0,0,0,0,0,Socio-economic,Training/seminar Program
Babae,18-24,Hindi nakapagtapos ng Kolehiyo,Walang Trabaho,1,0,0,0,0,0,0,0,0,0,Literacy,Basic Training/Seminar Program
Babae,18-24,Hindi nakapagtapos ng Kolehiyo,Walang Trabaho,0,1,0,0,0,0,0,0,0,0,Socio-economic,Livelihood Program
Babae,18-24,Hindi nakapagtapos ng Kolehiyo,Walang Trabaho,0,0,1,0,0,0,0,0,0,0,Environmental Stewardship,Seminar & Tree Planting Activities
Babae,18-24,Hindi nakapagtapos ng Kolehiyo,Walang Trabaho,0,0,0,1,0,0,0,0,0,0,Health and Wellness,Medical and Dental Mission
Babae,18-24,Hindi nakapagtapos ng Kolehiyo,Walang Trabaho,0,0,0,0,1,0,0,0,0,0,Health and Wellness,Medical and Dental Mission
Babae,18-24,Hindi nakapagtapos ng Kolehiyo,Walang Trabaho,0,0,0,0,0,1,0,0,0,0,Cultural Enhancement,Culture and Arts
Babae,18-24,Hindi nakapagtapos ng Kolehiyo,Walang Trabaho,0,0,0,0,0,0,1,0,0,0,Values Formation,Personality Development
Babae,18-24,Hindi nakapagtapos ng Kolehiyo,Walang Trabaho,0,0,0,0,0,0,0,1,0,0,Socio-economic,Food assistance
Babae,18-24,Hindi nakapagtapos ng Kolehiyo,Walang Trabaho,0,0,0,0,0,0,0,0,1,0,Environmental Stewardship,Environmental Conservation and Sustainability
Babae,18-24,Hindi nakapagtapos ng Kolehiyo,Walang Trabaho,0,0,0,0,0,0,0,0,0,1,Literacy,ICT Literacy Program
Babae,18-24,Hindi nakapagtapos ng Kolehiyo,Walang Trabaho,1,0,1,0,0,0,0,0,1,0,Disaster Management,Disaster Management and First-Aid Training
Babae,18-24,Hindi nakapagtapos ng Kolehiyo,Walang Trabaho,0,0,1,0,0,0,0,0,1,0,Environmental Stewardship,Environmental Conservation and Sustainability
Babae,18-24,Hindi nakapagtapos ng Kolehiyo,Walang Trabaho,0,0,0,0,0,1,1,0,0,0,Gender Development,Gender and Development Seminar
Babae,18-24,Hindi nakapagtapos ng Kolehiyo,Walang Trabaho,0,1,0,0,0,0,0,0,0,1,Literacy,Basic Training/Seminar Program
Babae,18-24,Hindi nakapagtapos ng Kolehiyo,Walang Trabaho,0,0,0,0,0,0,0,0,0,0,Socio-economic,Livelihood Program
Babae,18-24,Hindi nakapagtapos ng Kolehiyo,May Trabaho,1,0,0,0,0,0,0,0,0,0,Literacy,Financial Literacy
Babae,18-24,Hindi nakapagtapos ng Kolehiyo,May Trabaho,0,1,0,0,0,0,0,0,0,0,Socio-economic,Training/seminar Program
Babae,18-24,Hindi nakapagtapos ng Kolehiyo,May Trabaho,0,0,1,0,0,0,0,0,0,0,Environmental Stewardship,Seminar & Tree Planting Activities
Babae,18-24,Hindi nakapagtapos ng Kolehiyo,May Trabaho,0,0,0,1,0,0,0,0,0,0,Health and Wellness,Bloodletting Activity
Babae,18-24,Hindi nakapagtapos ng Kolehiyo,May Trabaho,0,0,0,0,1,0,0,0,0,0,Health and Wellness,Medical and Dental Mission
Babae,18-24,Hindi nakapagtapos ng Kolehiyo,May Trabaho,0,0,0,0,0,1,0,0,0,0,Cultural Enhancement,Culture and Arts
Babae,18-24,Hindi nakapagtapos ng Kolehiyo,May Trabaho,0,0,0,0,0,0,1,0,0,0,Values Formation,Spiritual Wellness
Babae,18-24,Hindi nakapagtapos ng Kolehiyo,May Trabaho,0,0,0,0,0,0,0,1,0,0,Socio-economic,Feeding Program
Babae,18-24,Hindi nakapagtapos ng Kolehiyo,May Trabaho,0,0,0,0,0,0,0,0,1,0,Environmental Stewardship,Environmental Conservation and Sustainability
Babae,18-24,Hindi nakapagtapos ng Kolehiyo,May Trabaho,0,0,0,0,0,0,0,0,0,1,Literacy,ICT Literacy Program
Babae,18-24,Hindi nakapagtapos ng Kolehiyo,May Trabaho,1,0,1,0,0,0,0,0,1,0,Disaster Management,Disaster Management and First-Aid Training
Babae,18-24,Hindi nakapagtapos ng Kolehiyo,May Trabaho,0,0,1,0,0,0,0,0,1,0,Environmental Stewardship,Environmental Conservation and Sustainability
Babae,18-24,Hindi nakapagtapos ng Kolehiyo,May Trabaho,0,0,0,0,0,1,1,0,0,0,Gender Development,Gender and Development Seminar
Babae,18-24,Hindi nakapagtapos ng Kolehiyo,May Trabaho,0,1,0,0,0,0,0,0,0,1,Literacy,ICT Literacy Program
Babae,18-24,Hindi nakapagtapos ng Kolehiyo,May Trabaho,0,0,0,0,0,0,0,0,0,0,Socio-economic,Training/seminar Program
Lalake,18-24,Hindi nakapagtapos ng Elementarya,Walang Trabaho,1,0,0,0,0,0,0,0,0,0,Literacy,Basic Training/Seminar Program
Lalake,18-24,Hindi nakapagtapos ng Elementarya,Walang Trabaho,0,1,0,0,0,0,0,0,0,0,Socio-economic,Livelihood Program
Lalake,18-24,Hindi nakapagtapos ng Elementarya,Walang Trabaho,0,0,1,0,0,0,0,0,0,0,Environmental Stewardship,Seminar & Tree Planting Activities
Lalake,18-24,Hindi nakapagtapos ng Elementarya,Walang Trabaho,0,0,0,1,0,0,0,0,0,0,Health and Wellness,Medical and Dental Mission
Lalake,18-24,Hindi nakapagtapos ng Elementarya,Walang Trabaho,0,0,0,0,1,0,0,0,0,0,Health and Wellness,Medical and Dental Mission
Lalake,18-24,Hindi nakapagtapos ng Elementarya,Walang Trabaho,0,0,0,0,0,1,0,0,0,0,Cultural Enhancement,Culture and Arts
Lalake,18-24,Hindi nakapagtapos ng Elementarya,Walang Trabaho,0,0,0,0,0,0,1,0,0,0,Values Formation,Personality Development
Lalake,18-24,Hindi nakapagtapos ng Elementarya,Walang Trabaho,0,0,0,0,0,0,0,1,0,0,Socio-economic,Food assistance
Lalake,18-24,Hindi nakapagtapos ng Elementarya,Walang Trabaho,0,0,0,0,0,0,0,0,1,0,Environmental Stewardship,Environmental Conservation and Sustainability
Lalake,18-24,Hindi nakapagtapos ng Elementarya,Walang Trabaho,0,0,0,0,0,0,0,0,0,1,Literacy,ICT Literacy Program
Lalake,18-24,Hindi nakapagtapos ng Elementarya,Walang Trabaho,1,0,1,0,0,0,0,0,1,0,Disaster Management,Disaster Management and First-Aid Training
Lalake,18-24,Hindi nakapagtapos ng Elementarya,Walang Trabaho,0,0,1,0,0,0,0,0,1,0,Environmental Stewardship,Environmental Conservation and Sustainability
Lalake,18-24,Hindi nakapagtapos ng Elementarya,Walang Trabaho,0,0,0,0,0,1,1,0,0,0,Gender Development,Gender and Development Seminar
Lalake,18-24,Hindi nakapagtapos ng Elementarya,Walang Trabaho,0,1,0,0,0,0,0,0,0,1,Literacy,Basic Training/Seminar Program
Lalake,18-24,Hindi nakapagtapos ng Elementarya,Walang Trabaho,0,0,0,0,0,0,0,0,0,0,Socio-economic,Livelihood Program
Lalake,18-24,Hindi nakapagtapos ng Elementarya,May Trabaho,1,0,0,0,0,0,0,0,0,0,Literacy,Financial Literacy
Lalake,18-24,Hindi nakapagtapos ng Elementarya,May Trabaho,0,1,0,0,0,0,0,0,0,0,Socio-economic,Training/seminar Program
Lalake,18-24,Hindi nakapagtapos ng Elementarya,May Trabaho,0,0,1,0,0,0,0,0,0,0,Environmental Stewardship,Seminar & Tree Planting Activities
Lalake,18-24,Hindi nakapagtapos ng Elementarya,May Trabaho,0,0,0,1,0,0,0,0,0,0,Health and Wellness,Bloodletting Activity
Lalake,18-24,Hindi nakapagtapos ng Elementarya,May Trabaho,0,0,0,0,1,0,0,0,0,0,Health and Wellness,Medical and Dental Mission
Lalake,18-24,Hindi nakapagtapos ng Elementarya,May Trabaho,0,0,0,0,0,1,0,0,0,0,Cultural Enhancement,Culture and Arts
Lalake,18-24,Hindi nakapagtapos ng Elementarya,May Trabaho,0,0,0,0,0,0,1,0,0,0,Values Formation,Spiritual Wellness
Lalake,18-24,Hindi nakapagtapos ng Elementarya,May Trabaho,0,0,0,0,0,0,0,1,0,0,Socio-economic,Feeding Program
Lalake,18-24,Hindi nakapagtapos ng Elementarya,May Trabaho,0,0,0,0,0,0,0,0,1,0,Environmental Stewardship,Environmental Conservation and Sustainability
Lalake,18-24,Hindi nakapagtapos ng Elementarya,May Trabaho,0,0,0,0,0,0,0,0,0,1,Literacy,ICT Literacy Program
Lalake,18-24,Hindi nakapagtapos ng Elementarya,May Trabaho,1,0,1,0,0,0,0,0,1,0,Disaster Management,Disaster Management and First-Aid Training
Lalake,18-24,Hindi nakapagtapos ng Elementarya,May Trabaho,0,0,1,0,0,0,0,0,1,0,Environmental Stewardship,Environmental Conservation and Sustainability
Lalake,18-24,Hindi nakapagtapos ng Elementarya,May Trabaho,0,0,0,0,0,1,1,0,0,0,Gender Development,Gender and Development Seminar
Lalake,18-24,Hindi nakapagtapos ng Elementarya,May Trabaho,0,1,0,0,0,0,0,0,0,1,Literacy,ICT Literacy Program
Lalake,18-24,Hindi nakapagtapos ng Elementarya,May Trabaho,0,0,0,0,0,0,0,0,0,0,Socio-economic,Training/seminar Program
Lalake,18-24,Elementarya,Walang Trabaho,1,0,0,0,0,0,0,0,0,0,Literacy,Basic Training/Seminar Program
Lalake,18-24,Elementarya,Walang Trabaho,0,1,0,0,0,0,0,0,0,0,Socio-economic,Livelihood Program
Lalake,18-24,Elementarya,Walang Trabaho,0,0,1,0,0,0,0,0,0,0,Environmental Stewardship,Seminar & Tree Planting Activities
Lalake,18-24,Elementarya,Walang Trabaho,0,0,0,1,0,0,0,0,0,0,Health and Wellness,Medical and Dental Mission
Lalake,18-24,Elementarya,Walang Trabaho,0,0,0,0,1,0,0,0,0,0,Health and Wellness,Medical and Dental Mission
Lalake,18-24,Elementarya,Walang Trabaho,0,0,0,0,0,1,0,0,0,0,Cultural Enhancement,Culture and Arts
Lalake,18-24,Elementarya,Walang Trabaho,0,0,0,0,0,0,1,0,0,0,Values Formation,Personality Development
Lalake,18-24,Elementarya,Walang Trabaho,0,0,0,0,0,0,0,1,0,0,Socio-economic,Food assistance
Lalake,18-24,Elementarya,Walang Trabaho,0,0,0,0,0,0,0,0,1,0,Environmental Stewardship,Environmental Conservation and Sustainability
Lalake,18-24,Elementarya,Walang Trabaho,0,0,0,0,0,0,0,0,0,1,Literacy,ICT Literacy Program
Lalake,18-24,Elementarya,Walang Trabaho,1,0,1,0,0,0,0,0,1,0,Disaster Management,Disaster Management and First-Aid Training
Lalake,18-24,Elementarya,Walang Trabaho,0,0,1,0,0,0,0,0,1,0,Environmental Stewardship,Environmental Conservation and Sustainability
Lalake,18-24,Elementarya,Walang Trabaho,0,0,0,0,0,1,1,0,0,0,Gender Development,Gender and Development Seminar
Lalake,18-24,Elementarya,Walang Trabaho,0,1,0,0,0,0,0,0,0,1,Literacy,Basic Training/Seminar Program
Lalake,18-24,Elementarya,Walang Trabaho,0,0,0,0,0,0,0,0,0,0,Socio-economic,Livelihood Program
Lalake,18-24,Elementarya,May Trabaho,1,0,0,0,0,0,0,0,0,0,Literacy,Financial Literacy
Lalake,18-24,Elementarya,May Trabaho,0,1,0,0,0,0,0,0,0,0,Socio-economic,Training/seminar Program
Lalake,18-24,Elementarya,May Trabaho,0,0,1,0,0,0,0,0,0,0,Environmental Stewardship,Seminar & Tree Planting Activities
Lalake,18-24,Elementarya,May Trabaho,0,0,0,1,0,0,0,0,0,0,Health and Wellness,Bloodletting Activity
Lalake,18-24,Elementarya,May Trabaho,0,0,0,0,1,0,0,0,0,0,Health and Wellness,Medical and Dental Mission
Lalake,18-24,Elementarya,May Trabaho,0,0,0,0,0,1,0,0,0,0,Cultural Enhancement,Culture and Arts
Lalake,18-24,Elementarya,May Trabaho,0,0,0,0,0,0,1,0,0,0,Values Formation,Spiritual Wellness
Lalake,18-24,Elementarya,May Trabaho,0,0,0,0,0,0,0,1,0,0,Socio-economic,Feeding Program
Lalake,18-24,Elementarya,May Trabaho,0,0,0,0,0,0,0,0,1,0,Environmental Stewardship,Environmental Conservation and Sustainability
Lalake,18-24,Elementarya,May Trabaho,0,0,0,0,0,0,0,0,0,1,Literacy,ICT Literacy Program
Lalake,18-24,Elementarya,May Trabaho,1,0,1,0,0,0,0,0,1,0,Disaster Management,Disaster Management and First-Aid Training
Lalake,18-24,Elementarya,May Trabaho,0,0,1,0,0,0,0,0,1,0,Environmental Stewardship,Environmental Conservation and Sustainability
Lalake,18-24,Elementarya,May Trabaho,0,0,0,0,0,1,1,0,0,0,Gender Development,Gender and Development Seminar
Lalake,18-24,Elementarya,May Trabaho,0,1,0,0,0,0,0,0,0,1,Literacy,ICT Literacy Program
Lalake,18-24,Elementarya,May Trabaho,0,0,0,0,0,0,0,0,0,0,Socio-economic,Training/seminar Program
Lalake,18-24,Hindi nakapagtapos ng Sekundarya,Walang Trabaho,1,0,0,0,0,0,0,0,0,0,Literacy,Basic Training/Seminar Program
Lalake,18-24,Hindi nakapagtapos ng Sekundarya,Walang Trabaho,0,1,0,0,0,0,0,0,0,0,Socio-economic,Livelihood Program
Lalake,18-24,Hindi nakapagtapos ng Sekundarya,Walang Trabaho,0,0,1,0,0,0,0,0,0,0,Environmental Stewardship,Seminar & Tree Planting Activities
Lalake,18-24,Hindi nakapagtapos ng Sekundarya,Walang Trabaho,0,0,0,1,0,0,0,0,0,0,Health and Wellness,Medical and Dental Mission
Lalake,18-24,Hindi nakapagtapos ng Sekundarya,Walang Trabaho,0,0,0,0,1,0,0,0,0,0,Health and Wellness,Medical and Dental Mission
Lalake,18-24,Hindi nakapagtapos ng Sekundarya,Walang Trabaho,0,0,0,0,0,1,0,0,0,0,Cultural Enhancement,Culture and Arts
Lalake,18-24,Hindi nakapagtapos ng Sekundarya,Walang Trabaho,0,0,0,0,0,0,1,0,0,0,Values Formation,Personality Development
Lalake,18-24,Hindi nakapagtapos ng Sekundarya,Walang Trabaho,0,0,0,0,0,0,0,1,0,0,Socio-economic,Food assistance
Lalake,18-24,Hindi nakapagtapos ng Sekundarya,Walang Trabaho,0,0,0,0,0,0,0,0,1,0,Environmental Stewardship,Environmental Conservation and Sustainability
Lalake,18-24,Hindi nakapagtapos ng Sekundarya,Walang Trabaho,0,0,0,0,0,0,0,0,0,1,Literacy,ICT Literacy Program
Lalake,18-24,Hindi nakapagtapos ng Sekundarya,Walang Trabaho,1,0,1,0,0,0,0,0,1,0,Disaster Management,Disaster Management and First-Aid Training
Lalake,18-24,Hindi nakapagtapos ng Sekundarya,Walang Trabaho,0,0,1,0,0,0,0,0,1,0,Environmental Stewardship,Environmental Conservation and Sustainability
Lalake,18-24,Hindi nakapagtapos ng Sekundarya,Walang Trabaho,0,0,0,0,0,1,1,0,0,0,Gender Development,Gender and Development Seminar
Lalake,18-24,Hindi nakapagtapos ng Sekundarya,Walang Trabaho,0,1,0,0,0,0,0,0,0,1,Literacy,Basic Training/Seminar Program
Lalake,18-24,Hindi nakapagtapos ng Sekundarya,Walang Trabaho,0,0,0,0,0,0,0,0,0,0,Socio-economic,Livelihood Program
Lalake,18-24,Hindi nakapagtapos ng Sekundarya,May Trabaho,1,0,0,0,0,0,0,0,0,0,Literacy,Financial Literacy
Lalake,18-24,Hindi nakapagtapos ng Sekundarya,May Trabaho,0,1,0,0,0,0,0,0,0,0,Socio-economic,Training/seminar Program
Lalake,18-24,Hindi nakapagtapos ng Sekundarya,May Trabaho,0,0,1,0,0,0,0,0,0,0,Environmental Stewardship,Seminar & Tree Planting Activities
Lalake,18-24,Hindi nakapagtapos ng Sekundarya,May Trabaho,0,0,0,1,0,0,0,0,0,0,Health and Wellness,Bloodletting Activity
Lalake,18-24,Hindi nakapagtapos ng Sekundarya,May Trabaho,0,0,0,0,1,0,0,0,0,0,Health and Wellness,Medical and Dental Mission
Lalake,18-24,Hindi nakapagtapos ng Sekundarya,May Trabaho,0,0,0,0,0,1,0,0,0,0,Cultural Enhancement,Culture and Arts
Lalake,18-24,Hindi nakapagtapos ng Sekundarya,May Trabaho,0,0,0,0,0,0,1,0,0,0,Values Formation,Spiritual Wellness
Lalake,18-24,Hindi nakapagtapos ng Sekundarya,May Trabaho,0,0,0,0,0,0,0,1,0,0,Socio-economic,Feeding Program
Lalake,18-24,Hindi nakapagtapos ng Sekundarya,May Trabaho,0,0,0,0,0,0,0,0,1,0,Environmental Stewardship,Environmental Conservation and Sustainability
Lalake,18-24,Hindi nakapagtapos ng Sekundarya,May Trabaho,0,0,0,0,0,0,0,0,0,1,Literacy,ICT Literacy Program
Lalake,18-24,Hindi nakapagtapos ng Sekundarya,May Trabaho,1,0,1,0,0,0,0,0,1,0,Disaster Management,Disaster Management and First-Aid Training
Lalake,18-24,Hindi nakapagtapos ng Sekundarya,May Trabaho,0,0,1,0,0,0,0,0,1,0,Environmental Stewardship,Environmental Conservation and Sustainability
Lalake,18-24,Hindi nakapagtapos ng Sekundarya,May Trabaho,0,0,0,0,0,1,1,0,0,0,Gender Development,Gender and Development Seminar
Lalake,18-24,Hindi nakapagtapos ng Sekundarya,May Trabaho,0,1,0,0,0,0,0,0,0,1,Literacy,ICT Literacy Program
Lalake,18-24,Hindi nakapagtapos ng Sekundarya,May Trabaho,0,0,0,0,0,0,0,0,0,0,Socio-economic,Training/seminar Program
Lalake,18-24,Sekundarya,Walang Trabaho,1,0,0,0,0,0,0,0,0,0,Literacy,Basic Training/Seminar Program
Lalake,18-24,Sekundarya,Walang Trabaho,0,1,0,0,0,0,0,0,0,0,Socio-economic,Livelihood Program
Lalake,18-24,Sekundarya,Walang Trabaho,0,0,1,0,0,0,0,0,0,0,Environmental Stewardship,Seminar & Tree Planting Activities
Lalake,18-24,Sekundarya,Walang Trabaho,0,0,0,1,0,0,0,0,0,0,Health and Wellness,Medical and Dental Mission
Lalake,18-24,Sekundarya,Walang Trabaho,0,0,0,0,1,0,0,0,0,0,Health and Wellness,Medical and Dental Mission
Lalake,18-24,Sekundarya,Walang Trabaho,0,0,0,0,0,1,0,0,0,0,Cultural Enhancement,Culture and Arts
Lalake,18-24,Sekundarya,Walang Trabaho,0,0,0,0,0,0,1,0,0,0,Values Formation,Personality Development
Lalake,18-24,Sekundarya,Walang Trabaho,0,0,0,0,0,0,0,1,0,0,Socio-economic,Food assistance
Lalake,18-24,Sekundarya,Walang Trabaho,0,0,0,0,0,0,0,0,1,0,Environmental Stewardship,Environmental Conservation and Sustainability
Lalake,18-24,Sekundarya,Walang Trabaho,0,0,0,0,0,0,0,0,0,1,Literacy,ICT Literacy Program
Lalake,18-24,Sekundarya,Walang Trabaho,1,0,1,0,0,0,0,0,1,0,Disaster Management,Disaster Management and First-Aid Training
Lalake,18-24,Sekundarya,Walang Trabaho,0,0,1,0,0,0,0,0,1,0,Environmental Stewardship,Environmental Conservation and Sustainability
Lalake,18-24,Sekundarya,Walang Trabaho,0,0,0,0,0,1,1,0,0,0,Gender Development,Gender and Development Seminar
Lalake,18-24,Sekundarya,Walang Trabaho,0,1,0,0,0,0,0,0,0,1,Literacy,Basic Training/Seminar Program
Lalake,18-24,Sekundarya,Walang Trabaho,0,0,0,0,0,0,0,0,0,0,Socio-economic,Livelihood Program
Lalake,18-24,Sekundarya,May Trabaho,1,0,0,0,0,0,0,0,0,0,Literacy,Financial Literacy
Lalake,18-24,Sekundarya,May Trabaho,0,1,0,0,0,0,0,0,0,0,Socio-economic,Training/seminar Program
Lalake,18-24,Sekundarya,May Trabaho,0,0,1,0,0,0,0,0,0,0,Environmental Stewardship,Seminar & Tree Planting Activities
Lalake,18-24,Sekundarya,May Trabaho,0,0,0,1,0,0,0,0,0,0,Health and Wellness,Bloodletting Activity
Lalake,18-24,Sekundarya,May Trabaho,0,0,0,0,1,0,0,0,0,0,Health and Wellness,Medical and Dental Mission
Lalake,18-24,Sekundarya,May Trabaho,0,0,0,0,0,1,0,0,0,0,Cultural Enhancement,Culture and Arts
Lalake,18-24,Sekundarya,May Trabaho,0,0,0,0,0,0,1,0,0,0,Values Formation,Spiritual Wellness
Lalake,18-24,Sekundarya,May Trabaho,0,0,0,0,0,0,0,1,0,0,Socio-economic,Feeding Program
Lalake,18-24,Sekundarya,May Trabaho,0,0,0,0,0,0,0,0,1,0,Environmental Stewardship,Environmental Conservation and Sustainability
Lalake,18-24,Sekundarya,May Trabaho,0,0,0,0,0,0,0,0,0,1,Literacy,ICT Literacy Program
Lalake,18-24,Sekundarya,May Trabaho,1,0,1,0,0,0,0,0,1,0,Disaster Management,Disaster Management and First-Aid Training
Lalake,18-24,Sekundarya,May Trabaho,0,0,1,0,0,0,0,0,1,0,Environmental Stewardship,Environmental Conservation and Sustainability
Lalake,18-24,Sekundarya,May Trabaho,0,0,0,0,0,1,1,0,0,0,Gender Development,Gender and Development Seminar
Lalake,18-24,Sekundarya,May Trabaho,0,1,0,0,0,0,0,0,0,1,Literacy,ICT Literacy Program
Lalake,18-24,Sekundarya,May Trabaho,0,0,0,0,0,0,0,0,0,0,Socio-economic,Training/seminar Program
Lalake,18-24,Kolehiyo,Walang Trabaho,1,0,0,0,0,0,0,0,0,0,Literacy,Basic Training/Seminar Program
Lalake,18-24,Kolehiyo,Walang Trabaho,0,1,0,0,0,0,0,0,0,0,Socio-economic,Livelihood Program
Lalake,18-24,Kolehiyo,Walang Trabaho,0,0,1,0,0,0,0,0,0,0,Environmental Stewardship,Seminar & Tree Planting Activities
Lalake,18-24,Kolehiyo,Walang Trabaho,0,0,0,1,0,0,0,0,0,0,Health and Wellness,Medical and Dental Mission
Lalake,18-24,Kolehiyo,Walang Trabaho,0,0,0,0,1,0,0,0,0,0,Health and Wellness,Medical and Dental Mission
Lalake,18-24,Kolehiyo,Walang Trabaho,0,0,0,0,0,1,0,0,0,0,Cultural Enhancement,Culture and Arts
Lalake,18-24,Kolehiyo,Walang Trabaho,0,0,0,0,0,0,1,0,0,0,Values Formation,Personality Development
Lalake,18-24,Kolehiyo,Walang Trabaho,0,0,0,0,0,0,0,1,0,0,Socio-economic,Food assistance
Lalake,18-24,Kolehiyo,Walang Trabaho,0,0,0,0,0,0,0,0,1,0,Environmental Stewardship,Environmental Conservation and Sustainability
Lalake,18-24,Kolehiyo,Walang Trabaho,0,0,0,0,0,0,0,0,0,1,Literacy,ICT Literacy Program
Lalake,18-24,Kolehiyo,Walang Trabaho,1,0,1,0,0,0,0,0,1,0,Disaster Management,Disaster Management and First-Aid Training
Lalake,18-24,Kolehiyo,Walang Trabaho,0,0,1,0,0,0,0,0,1,0,Environmental Stewardship,Environmental Conservation and Sustainability
Lalake,18-24,Kolehiyo,Walang Trabaho,0,0,0,0,0,1,1,0,0,0,Gender Development,Gender and Development Seminar
Lalake,18-24,Kolehiyo,Walang Trabaho,0,1,0,0,0,0,0,0,0,1,Literacy,Basic Training/Seminar Program
Lalake,18-24,Kolehiyo,Walang Trabaho,0,0,0,0,0,0,0,0,0,0,Socio-economic,Livelihood Program
Lalake,18-24,Kolehiyo,May Trabaho,1,0,0,0,0,0,0,0,0,0,Literacy,Financial Literacy
Lalake,18-24,Kolehiyo,May Trabaho,0,1,0,0,0,0,0,0,0,0,Socio-economic,Training/seminar Program
Lalake,18-24,Kolehiyo,May Trabaho,0,0,1,0,0,0,0,0,0,0,Environmental Stewardship,Seminar & Tree Planting Activities
Lalake,18-24,Kolehiyo,May Trabaho,0,0,0,1,0,0,0,0,0,0,Health and Wellness,Bloodletting Activity
Lalake,18-24,Kolehiyo,May Trabaho,0,0,0,0,1,0,0,0,0,0,Health and Wellness,Medical and Dental Mission
Lalake,18-24,Kolehiyo,May Trabaho,0,0,0,0,0,1,0,0,0,0,Cultural Enhancement,Culture and Arts
Lalake,18-24,Kolehiyo,May Trabaho,0,0,0,0,0,0,1,0,0,0,Values Formation,Spiritual Wellness
Lalake,18-24,Kolehiyo,May Trabaho,0,0,0,0,0,0,0,1,0,0,Socio-economic,Feeding Program
Lalake,18-24,Kolehiyo,May Trabaho,0,0,0,0,0,0,0,0,1,0,Environmental Stewardship,Environmental Conservation and Sustainability
Lalake,18-24,Kolehiyo,May Trabaho,0,0,0,0,0,0,0,0,0,1,Literacy,ICT Literacy Program
Lalake,18-24,Kolehiyo,May Trabaho,1,0,1,0,0,0,0,0,1,0,Disaster Management,Disaster Management and First-Aid Training
Lalake,18-24,Kolehiyo,May Trabaho,0,0,1,0,0,0,0,0,1,0,Environmental Stewardship,Environmental Conservation and Sustainability
Lalake,18-24,Kolehiyo,May Trabaho,0,0,0,0,0,1,1,0,0,0,Gender Development,Gender and Development Seminar
Lalake,18-24,Kolehiyo,May Trabaho,0,1,0,0,0,0,0,0,0,1,Literacy,ICT Literacy Program
Lalake,18-24,Kolehiyo,May Trabaho,0,0,0,0,0,0,0,0,0,0,Socio-economic,Training/seminar Program
Lalake,18-24,Hindi nakapagtapos ng Kolehiyo,Walang Trabaho,1,0,0,0,0,0,0,0,0,0,Literacy,Basic Training/Seminar Program
Lalake,18-24,Hindi nakapagtapos ng Kolehiyo,Walang Trabaho,0,1,0,0,0,0,0,0,0,0,Socio-economic,Livelihood Program
Lalake,18-24,Hindi nakapagtapos ng Kolehiyo,Walang Trabaho,0,0,1,0,0,0,0,0,0,0,Environmental Stewardship,Seminar & Tree Planting Activities
Lalake,18-24,Hindi nakapagtapos ng Kolehiyo,Walang Trabaho,0,0,0,1,0,0,0,0,0,0,Health and Wellness,Medical and Dental Mission
Lalake,18-24,Hindi nakapagtapos ng Kolehiyo,Walang Trabaho,0,0,0,0,1,0,0,0,0,0,Health and Wellness,Medical and Dental Mission
Lalake,18-24,Hindi nakapagtapos ng Kolehiyo,Walang Trabaho,0,0,0,0,0,1,0,0,0,0,Cultural Enhancement,Culture and Arts
Lalake,18-24,Hindi nakapagtapos ng Kolehiyo,Walang Trabaho,0,0,0,0,0,0,1,0,0,0,Values Formation,Personality Development
Lalake,18-24,Hindi nakapagtapos ng Kolehiyo,Walang Trabaho,0,0,0,0,0,0,0,1,0,0,Socio-economic,Food assistance
Lalake,18-24,Hindi nakapagtapos ng Kolehiyo,Walang Trabaho,0,0,0,0,0,0,0,0,1,0,Environmental Stewardship,Environmental Conservation and Sustainability
Lalake,18-24,Hindi nakapagtapos ng Kolehiyo,Walang Trabaho,0,0,0,0,0,0,0,0,0,1,Literacy,ICT Literacy Program
Lalake,18-24,Hindi nakapagtapos ng Kolehiyo,Walang Trabaho,1,0,1,0,0,0,0,0,1,0,Disaster Management,Disaster Management and First-Aid Training
Lalake,18-24,Hindi nakapagtapos ng Kolehiyo,Walang Trabaho,0,0,1,0,0,0,0,0,1,0,Environmental Stewardship,Environmental Conservation and Sustainability
Lalake,18-24,Hindi nakapagtapos ng Kolehiyo,Walang Trabaho,0,0,0,0,0,1,1,0,0,0,Gender Development,Gender and Development Seminar
Lalake,18-24,Hindi nakapagtapos ng Kolehiyo,Walang Trabaho,0,1,0,0,0,0,0,0,0,1,Literacy,Basic Training/Seminar Program
Lalake,18-24,Hindi nakapagtapos ng Kolehiyo,Walang Trabaho,0,0,0,0,0,0,0,0,0,0,Socio-economic,Livelihood Program
Lalake,18-24,Hindi nakapagtapos ng Kolehiyo,May Trabaho,1,0,0,0,0,0,0,0,0,0,Literacy,Financial Literacy
Lalake,18-24,Hindi nakapagtapos ng Kolehiyo,May Trabaho,0,1,0,0,0,0,0,0,0,0,Socio-economic,Training/seminar Program
Lalake,18-24,Hindi nakapagtapos ng Kolehiyo,May Trabaho,0,0,1,0,0,0,0,0,0,0,Environmental Stewardship,Seminar & Tree Planting Activities
Lalake,18-24,Hindi nakapagtapos ng Kolehiyo,May Trabaho,0,0,0,1,0,0,0,0,0,0,Health and Wellness,Bloodletting Activity
Lalake,18-24,Hindi nakapagtapos ng Kolehiyo,May Trabaho,0,0,0,0,1,0,0,0,0,0,Health and Wellness,Medical and Dental Mission
Lalake,18-24,Hindi nakapagtapos ng Kolehiyo,May Trabaho,0,0,0,0,0,1,0,0,0,0,Cultural Enhancement,Culture and Arts
Lalake,18-24,Hindi nakapagtapos ng Kolehiyo,May Trabaho,0,0,0,0,0,0,1,0,0,0,Values Formation,Spiritual Wellness
Lalake,18-24,Hindi nakapagtapos ng Kolehiyo,May Trabaho,0,0,0,0,0,0,0,1,0,0,Socio-economic,Feeding Program
Lalake,18-24,Hindi nakapagtapos ng Kolehiyo,May Trabaho,0,0,0,0,0,0,0,0,1,0,Environmental Stewardship,Environmental Conservation and Sustainability
Lalake,18-24,Hindi nakapagtapos ng Kolehiyo,May Trabaho,0,0,0,0,0,0,0,0,0,1,Literacy,ICT Literacy Program
Lalake,18-24,Hindi nakapagtapos ng Kolehiyo,May Trabaho,1,0,1,0,0,0,0,0,1,0,Disaster Management,Disaster Management and First-Aid Training
Lalake,18-24,Hindi nakapagtapos ng Kolehiyo,May Trabaho,0,0,1,0,0,0,0,0,1,0,Environmental Stewardship,Environmental Conservation and Sustainability
Lalake,18-24,Hindi nakapagtapos ng Kolehiyo,May Trabaho,0,0,0,0,0,1,1,0,0,0,Gender Development,Gender and Development Seminar
Lalake,18-24,Hindi nakapagtapos ng Kolehiyo,May Trabaho,0,1,0,0,0,0,0,0,0,1,Literacy,ICT Literacy Program
Lalake,18-24,Hindi nakapagtapos ng Kolehiyo,May Trabaho,0,0,0,0,0,0,0,0,0,0,Socio-economic,Training/seminar Program
